{
  "parent": "item/carrot_on_a_stick",
  "textures": {
    "layer0": "item/mover/handle_iron"
  },
  "display": {
      "thirdperson_righthand": {
          "rotation": [ 0, 90, 55 ],
          "translation": [ 0, 5.5, 2.5 ],
          "scale": [ 0.85, 0.85, 0.85 ]
      },
      "thirdperson_lefthand": {
          "rotation": [ 0, -90, -55 ],
          "translation": [ 0, 5.5, 2.5 ],
          "scale": [ 0.85, 0.85, 0.85 ]
      },
      "firstperson_righthand": {
          "rotation": [ 0, 90, 25 ],
          "translation": [ -0.8, 4.8, 0.4 ],
          "scale": [ 0.68, 0.68, 0.68 ]
      },
      "firstperson_lefthand": {
          "rotation": [ 0, -90, -25 ],
          "translation": [ -0.8, 4.8, 0.4 ],
          "scale": [ 0.68, 0.68, 0.68 ]
      }
  }
}
