{
    "parent": "item/handheld_rod",
    "textures": {
        "layer0": "item/carrot_on_a_stick"
    },
    "overrides": [
      {
        "predicate": { "custom_model_data": 1 },
        "model": "item/mover/handle_wood"
      },
      {
        "predicate": { "custom_model_data": 2 },
        "model": "item/mover/handle_iron"
      },
      {
        "predicate": { "custom_model_data": 3 },
        "model": "item/mover/handle_gold"
      },
      {
        "predicate": { "custom_model_data": 4 },
        "model": "item/mover/handle_obsidian"
      },
      {
        "predicate": { "custom_model_data": 5 },
        "model": "item/mover/handle_diamond"
      },
      {
        "predicate": { "custom_model_data": 6 },
        "model": "item/mover/handle_netherite"
      }
    ]
}
